block_days,metric,estimate,ci_2_5,ci_97_5,valid_replicates,discarded_one_class
10,m1_pr_auc,0.11357312186951443,0.04867696298515569,0.2321970345889272,1000,0
10,m2_pr_auc,0.06754176189318908,0.0334251962127115,0.12655414117775596,1000,0
10,m2_minus_m1_pr_auc,-0.04603135997632535,-0.1371767814743267,0.015185553428059842,1000,0
20,m1_pr_auc,0.11357312186951443,0.050315795808611084,0.24680173000791633,1000,0
20,m2_pr_auc,0.06754176189318908,0.03189569872946218,0.13668616017651175,1000,0
20,m2_minus_m1_pr_auc,-0.04603135997632535,-0.13959760483262917,0.01955147201514624,1000,0
40,m1_pr_auc,0.11357312186951443,0.04099190967209626,0.241127324549437,1000,0
40,m2_pr_auc,0.06754176189318908,0.029621595807120142,0.13388369303353523,1000,0
40,m2_minus_m1_pr_auc,-0.04603135997632535,-0.14498122961570215,0.019675159072961683,1000,0
60,m1_pr_auc,0.11357312186951443,0.03217389379519241,0.21372314159471434,1000,0
60,m2_pr_auc,0.06754176189318908,0.02603070861113197,0.13267599438297262,1000,0
60,m2_minus_m1_pr_auc,-0.04603135997632535,-0.12776713742272208,0.03301278615391652,1000,0
