replication,m1_pr_auc,m2_pr_auc,m2_minus_m1_pr_auc
0,0.056829918310834227,0.049886206546387396,-0.0069437117644468305
1,0.15340992900324518,0.06596340592164557,-0.08744652308159961
2,0.10634943194676798,0.056106957345666425,-0.05024247460110155
3,0.2124285901699878,0.08740178660227747,-0.12502680356771034
4,0.1588546457588614,0.09213380247598241,-0.066720843282879
5,0.10256285201950932,0.08916511591102336,-0.013397736108485964
6,0.15825063434361025,0.07439564852274717,-0.08385498582086308
7,0.1366623658365029,0.06936435490460346,-0.06729801093189944
8,0.10445219770594615,0.054219592689571716,-0.05023260501637443
9,0.1100336221870615,0.0658854231274745,-0.044148199059587
10,0.03387530319674638,0.03381386178356577,-6.144141318061014e-05
11,0.3237740858192525,0.11812501951023534,-0.20564906630901714
12,0.14716013586808788,0.07867635913261972,-0.06848377673546815
13,0.1903022364426608,0.0931952797266026,-0.09710695671605821
14,0.07490538418339922,0.05220594409242444,-0.022699440090974778
15,0.11707963331452945,0.07535551794989731,-0.041724115364632136
16,0.101011042619521,0.03466987856347257,-0.06634116405604842
17,0.11706202709001465,0.05984311374792792,-0.05721891334208673
18,0.19200495443227095,0.09733010454849009,-0.09467484988378086
19,0.16214484167858775,0.08608195895581992,-0.07606288272276783
20,0.14739053180954748,0.09949131176911202,-0.04789922004043545
21,0.19789669285899222,0.08168968698636186,-0.11620700587263036
22,0.1567387191028473,0.0696446348291331,-0.0870940842737142
23,0.07237570963142792,0.04138795146078199,-0.030987758170645932
24,0.08598129271622387,0.11356666278184652,0.027585370065622644
25,0.2025508283130616,0.11204565611304362,-0.09050517220001797
26,0.18768232977552032,0.09845438488236845,-0.08922794489315188
27,0.11097952560074911,0.041826844385662185,-0.06915268121508693
28,0.13132741466981704,0.07284351399740928,-0.05848390067240776
29,0.12263526368782232,0.07950620089745226,-0.04312906279037006
30,0.1481111883813702,0.0742762299799958,-0.07383495840137438
31,0.1467750724976102,0.0790323709356653,-0.06774270156194491
32,0.065691615423853,0.07859193139201624,0.01290031596816324
33,0.09234391401113567,0.04951956297316804,-0.04282435103796763
34,0.12489544998917007,0.16200682993194054,0.03711137994277047
35,0.07909462784239432,0.045706106105220565,-0.03338852173717376
36,0.058131913857418185,0.055359925208768465,-0.0027719886486497203
37,0.3317495881331477,0.06661578542309889,-0.2651338027100488
38,0.18088546042379147,0.11975125733678589,-0.06113420308700558
39,0.1573676994354467,0.1311094471161775,-0.026258252319269204
40,0.04713216669935609,0.07860016118493579,0.0314679944855797
41,0.17771557811920777,0.06067396224060891,-0.11704161587859885
42,0.11687389369106924,0.10004614513371794,-0.016827748557351294
43,0.07147466549128147,0.060138792129555745,-0.011335873361725722
44,0.1298111740890118,0.08062916879180852,-0.04918200529720328
45,0.1458951278813269,0.10383577156160412,-0.042059356319722796
46,0.1243720768986824,0.06265898784785416,-0.06171308905082824
47,0.2037395918584692,0.0993650064065128,-0.10437458545195641
48,0.11945208381132061,0.10197500980367527,-0.017477074007645338
49,0.13892754674882413,0.08886507681622531,-0.050062469932598816
50,0.023696503931245127,0.017414817894092192,-0.006281686037152935
51,0.12569535492229847,0.08693930169742563,-0.03875605322487284
52,0.056313206269924074,0.04074869351062247,-0.015564512759301603
53,0.19861827789062977,0.1152603908701123,-0.08335788702051747
54,0.11658845591179688,0.10956119000755873,-0.0070272659042381475
55,0.10884375325892459,0.060407956076326444,-0.04843579718259815
56,0.09271669567318369,0.05878802346126903,-0.03392867221191466
57,0.1047237755498827,0.15349579115811024,0.04877201560822754
58,0.10402456698593732,0.07675597379287685,-0.027268593193060464
59,0.054208715105696026,0.056301332670027834,0.0020926175643318085
60,0.04840463075180725,0.038537648172581894,-0.009866982579225358
61,0.061705759731986665,0.04626277415976815,-0.015442985572218515
62,0.13843843684068965,0.09761695846127287,-0.040821478379416784
63,0.1192963874154081,0.094953900337705,-0.024342487077703104
64,0.1045947246663625,0.07337415166090903,-0.031220573005453472
65,0.14227517406571374,0.07638097815146021,-0.06589419591425354
66,0.1265329771798845,0.1157513835659775,-0.010781593613906987
67,0.0430772395356004,0.07948796713587623,0.03641072760027583
68,0.09716834120247457,0.05305284047347425,-0.04411550072900032
69,0.08697206365261433,0.050017097921450066,-0.03695496573116426
70,0.14664106441961042,0.07000589018209465,-0.07663517423751577
71,0.07942598100325751,0.07829573882098001,-0.0011302421822775022
72,0.20777438052737987,0.11462239186688289,-0.09315198866049698
73,0.14500565958316358,0.07802085187215461,-0.06698480771100897
74,0.13111199791843017,0.059673943379107794,-0.07143805453932238
75,0.18188838447906996,0.10236601191389072,-0.07952237256517924
76,0.14305978961688362,0.08321519216715892,-0.0598445974497247
77,0.07271293410398674,0.043730236175438086,-0.028982697928548656
78,0.12837514899382627,0.07601980845999823,-0.05235534053382804
79,0.09601377642618343,0.07568752998137013,-0.020326246444813303
80,0.09248710647658875,0.11262882180503439,0.020141715328445636
81,0.18906191439443532,0.06721382797871221,-0.1218480864157231
82,0.13580486928138427,0.08972107293444906,-0.04608379634693521
83,0.1076461961191037,0.07773350880067928,-0.02991268731842442
84,0.11763153656349022,0.07798410999940494,-0.03964742656408528
85,0.12530436751734925,0.08588196428484439,-0.03942240323250486
86,0.10633291139845019,0.05116844814361272,-0.055164463254837474
87,0.23426442811647238,0.10759068646156145,-0.12667374165491094
88,0.14057329654080164,0.060005794287479305,-0.08056750225332233
89,0.16932838337581343,0.08164467610491516,-0.08768370727089828
90,0.23119676250335597,0.12058559869858822,-0.11061116380476775
91,0.055800629885953336,0.054903538355826155,-0.0008970915301271809
92,0.1506676002713834,0.09001597437717986,-0.060651625894203545
93,0.13758234004656475,0.06617588582226633,-0.07140645422429842
94,0.25462443335331597,0.10559391638539956,-0.14903051696791642
95,0.062092633491305685,0.043522474251200295,-0.01857015924010539
96,0.23357197665408685,0.17389004667737382,-0.05968192997671304
97,0.07982793022490221,0.048426809200087226,-0.03140112102481499
98,0.3520649402316607,0.11500231796026733,-0.23706262227139335
99,0.09823679128821129,0.08176245170598626,-0.016474339582225037
100,0.1770970262723427,0.10863894461782603,-0.06845808165451667
101,0.13630868044985953,0.07871881409741367,-0.057589866352445854
102,0.2328172119337351,0.10402842058886404,-0.1287887913448711
103,0.11154395816240302,0.03901994626422707,-0.07252401189817595
104,0.1184226828846142,0.08388407962595634,-0.03453860325865786
105,0.08794599903017525,0.06779448766501395,-0.0201515113651613
106,0.15477360694732853,0.03950738502159405,-0.11526622192573448
107,0.10307693724664752,0.08854973668708951,-0.014527200559558001
108,0.10860034973973819,0.03692847529345388,-0.07167187444628431
109,0.11316269777921559,0.09693552341553323,-0.01622717436368236
110,0.09987395494496704,0.08695095681394206,-0.012922998131024974
111,0.17681647389669455,0.06811533978815862,-0.10870113410853594
112,0.0805536280378498,0.05757802775168395,-0.022975600286165847
113,0.21310425843644304,0.106684657725552,-0.10641960071089104
114,0.03479907240176252,0.046091433370500395,0.011292360968737876
115,0.2271816024393604,0.1052186893271871,-0.12196291311217329
116,0.07816511656624316,0.08904453610116371,0.010879419534920554
117,0.04642171680613868,0.03633289807605415,-0.010088818730084527
118,0.14445549660805046,0.052708928710195516,-0.09174656789785494
119,0.1071946991314754,0.11256262631730068,0.00536792718582528
120,0.05484614914947573,0.07438248672069123,0.0195363375712155
121,0.1823384117798704,0.11054365205169626,-0.07179475972817413
122,0.10961890441847691,0.06513256411093744,-0.044486340307539465
123,0.1253380090320654,0.07468463937264447,-0.05065336965942094
124,0.10829403215732375,0.043077211567867035,-0.06521682058945671
125,0.1325933988669692,0.0682743447526032,-0.06431905411436599
126,0.18470743491494843,0.08186286774634188,-0.10284456716860654
127,0.06438819951594181,0.0530573486096616,-0.011330850906280207
128,0.11815145901008797,0.07878697034252519,-0.039364488667562786
129,0.11558167533805444,0.0627107123475853,-0.052870962990469145
130,0.1332688846522868,0.06970788395095037,-0.06356100070133644
131,0.11163922052751876,0.0883630940443842,-0.023276126483134568
132,0.05125014237511129,0.03139226532895678,-0.019857877046154507
133,0.047691904928862244,0.058326038195924995,0.01063413326706275
134,0.3282059658410333,0.12631861496200955,-0.20188735087902374
135,0.17214646906443815,0.0938048557030299,-0.07834161336140824
136,0.12243682764234916,0.05175559789851796,-0.0706812297438312
137,0.2023184378331339,0.0685383768741426,-0.1337800609589913
138,0.10316375644815753,0.08268939640876105,-0.020474360039396483
139,0.0806310750354244,0.11027203513509151,0.029640960099667116
140,0.22859162727893484,0.10074598214226717,-0.12784564513666768
141,0.19256578142139844,0.0759668059904118,-0.11659897543098663
142,0.06125152303723131,0.06089754538915654,-0.0003539776480747728
143,0.1947853644492076,0.08601478336278484,-0.10877058108642276
144,0.11927388150025564,0.10009868591053891,-0.019175195589716726
145,0.08165801335527037,0.09402423503922558,0.012366221683955209
146,0.0722722933334081,0.07131132796163676,-0.0009609653717713301
147,0.1341826143924673,0.06620780876465891,-0.06797480562780837
148,0.12838148811931246,0.07654018621970356,-0.05184130189960891
149,0.14298227403599398,0.09540081522925352,-0.04758145880674046
150,0.07549973088109305,0.06417855489227961,-0.011321175988813437
151,0.1358051457754928,0.0635447293092066,-0.0722604164662862
152,0.08403830968945109,0.061644120157950524,-0.02239418953150056
153,0.18312727824238037,0.11233922970307764,-0.07078804853930273
154,0.12857505033982397,0.07352878337150903,-0.05504626696831494
155,0.3923408934791522,0.09237096031390535,-0.29996993316524684
156,0.1059943511127284,0.045037776395192505,-0.06095657471753589
157,0.11544593679444813,0.06904846300938208,-0.04639747378506605
158,0.09366348214816662,0.0634964436893272,-0.030167038458839418
159,0.08868770524336264,0.08038772732098026,-0.008299977922382379
160,0.12817205961565678,0.07312124368140618,-0.055050815934250596
161,0.15566154137235286,0.08881893083462275,-0.06684261053773011
162,0.10693801411822783,0.05227864277658881,-0.05465937134163902
163,0.12639018766775806,0.11066611212035724,-0.015724075547400823
164,0.1874193425853169,0.09607693685663787,-0.09134240572867902
165,0.11776327243232335,0.05999206954494788,-0.057771202887375465
166,0.057323449590177336,0.025297051916529135,-0.032026397673648205
167,0.08696658079144172,0.055476294584062134,-0.031490286207379585
168,0.06976823665436481,0.03762216548216701,-0.0321460711721978
169,0.05757717944423488,0.08472682339410786,0.027149643949872987
170,0.13779824980167898,0.0782038117026183,-0.05959443809906069
171,0.1217408877957737,0.12593503759884234,0.004194149803068634
172,0.13333604481175465,0.06869926733344212,-0.06463677747831253
173,0.17399926786291559,0.09850360481130797,-0.07549566305160761
174,0.0566850020241229,0.0348780441918219,-0.021806957832301
175,0.08381047136623956,0.07053912262740009,-0.013271348738839478
176,0.07005770030970837,0.04080637006276121,-0.029251330246947163
177,0.13955386898258176,0.11816075075773341,-0.02139311822484835
178,0.09018419216534933,0.059652135065793546,-0.03053205709955578
179,0.14035480184072785,0.06677777725972485,-0.073577024581003
180,0.09350342531451618,0.07779231318031031,-0.015711112134205868
181,0.18663437157591434,0.09653923550741736,-0.09009513606849698
182,0.0699410595919132,0.07606755409236841,0.006126494500455215
183,0.18019009572503833,0.09662705953644946,-0.08356303618858887
184,0.13147468333926102,0.10409790258827907,-0.027376780750981947
185,0.09408373517167429,0.039507216570034524,-0.05457651860163976
186,0.10808873032581875,0.057263811211214856,-0.0508249191146039
187,0.1283363246033135,0.05734977370288186,-0.07098655090043166
188,0.13409639385319344,0.08283891194265557,-0.051257481910537875
189,0.05241547182919127,0.03380950140783681,-0.018605970421354458
190,0.09893865122849627,0.07543269262830324,-0.023505958600193028
191,0.044189511362303674,0.04043366726027296,-0.0037558441020307115
192,0.06770163067969445,0.04261677678473949,-0.02508485389495496
193,0.16853922621853087,0.08319189264937775,-0.08534733356915312
194,0.09987315991295014,0.055586675008799734,-0.0442864849041504
195,0.09943011621426837,0.07725849427924066,-0.02217162193502771
196,0.12407201220853425,0.07317605766569683,-0.05089595454283742
197,0.11593015730931254,0.05981197650386923,-0.05611818080544331
198,0.09658857281070117,0.0645262757457211,-0.032062297064980066
199,0.07980056072193897,0.07320849217058918,-0.006592068551349792
200,0.1321903095889817,0.10612354372359359,-0.026066765865388114
201,0.08060889429528935,0.06327854943953269,-0.017330344855756658
202,0.05223498329397183,0.05214455920848944,-9.042408548239067e-05
203,0.11752240177961298,0.07114207491922465,-0.04638032686038833
204,0.11992895400608572,0.06839703295251931,-0.05153192105356641
205,0.0921688806219337,0.09341317270523583,0.001244292083302137
206,0.09438504867763167,0.07748655799336876,-0.016898490684262912
207,0.08406056809122923,0.03012938686025422,-0.05393118123097501
208,0.028030081404435053,0.02129447328844772,-0.006735608115987335
209,0.13865735507005994,0.07861665070652525,-0.06004070436353469
210,0.16890992914912897,0.062081387931812525,-0.10682854121731644
211,0.17786918516861383,0.07251698955775106,-0.10535219561086277
212,0.08336765122347825,0.0671037138428013,-0.016263937380676954
213,0.12312942109151473,0.06902954475293395,-0.05409987633858078
214,0.07464258102450427,0.059276956566213984,-0.015365624458290289
215,0.17412348476732276,0.06879299744840409,-0.10533048731891867
216,0.16396939764725105,0.14958484193463545,-0.014384555712615599
217,0.09770170844624375,0.05672353373084826,-0.040978174715395485
218,0.07511350876530677,0.06902389799959785,-0.006089610765708922
219,0.13399986068734782,0.04612105619644674,-0.08787880449090107
220,0.21075674865382796,0.08777924476904941,-0.12297750388477854
221,0.10885051697318415,0.056051148387781496,-0.052799368585402656
222,0.11805230004079986,0.08605183364603028,-0.03200046639476958
223,0.12483505956555335,0.07025620229665525,-0.05457885726889811
224,0.07794690446360875,0.06697050005318217,-0.010976404410426577
225,0.062301751248560536,0.07645123315698017,0.014149481908419637
226,0.1269003331927251,0.10314291250441124,-0.02375742068831385
227,0.12329318049288976,0.08092018771711326,-0.0423729927757765
228,0.10235722818745893,0.07961355404421616,-0.02274367414324277
229,0.059211929578661365,0.05819437011643576,-0.0010175594622256062
230,0.11198831269910982,0.07180715160928772,-0.0401811610898221
231,0.2096845444700737,0.07794646324617995,-0.13173808122389374
232,0.05833247911649598,0.06803360550602486,0.009701126389528879
233,0.49760590357789575,0.11737427539685154,-0.3802316281810442
234,0.11964656648915918,0.0731481809284865,-0.04649838556067268
235,0.1390201045985271,0.07952504621011364,-0.05949505838841346
236,0.22912977412354207,0.09431179955108515,-0.13481797457245692
237,0.19805697306735237,0.10570857983435923,-0.09234839323299314
238,0.12816858146937382,0.1025064189666826,-0.025662162502691224
239,0.09370019121870728,0.05787141748743247,-0.035828773731274806
240,0.2207288447582333,0.11384512308904784,-0.10688372166918544
241,0.10243203544694632,0.04899264806115403,-0.053439387385792285
242,0.09588704242437228,0.06559942054468174,-0.030287621879690543
243,0.1541617629545683,0.1485618288944448,-0.00559993406012349
244,0.08729019331382025,0.0747901053584237,-0.012500087955396547
245,0.06020473110827665,0.025532747819335327,-0.03467198328894132
246,0.20475892369044435,0.10064646545575515,-0.1041124582346892
247,0.12414436035766004,0.11954303917095377,-0.004601321186706267
248,0.20547142699236626,0.07804664582075617,-0.1274247811716101
249,0.21278098974026277,0.07581132669451883,-0.13696966304574393
250,0.17182042164728953,0.07860017188143428,-0.09322024976585525
251,0.09042722180584459,0.07414646131931152,-0.01628076048653307
252,0.06512789399675867,0.13869434714854068,0.07356645315178201
253,0.10094429401919978,0.049136301040093075,-0.05180799297910671
254,0.1211119355611045,0.06981201625599684,-0.05129991930510766
255,0.1570235542010705,0.09623955937812294,-0.060783994822947565
256,0.1358040731319234,0.06543864231892328,-0.0703654308130001
257,0.13648374474305122,0.10995928974775196,-0.026524454995299263
258,0.1492767566912265,0.05443038315406476,-0.09484637353716174
259,0.09789190027913484,0.07549161030387992,-0.022400289975254922
260,0.10177960793081561,0.07063698426773798,-0.03114262366307763
261,0.20255116151245414,0.08754632511851991,-0.11500483639393423
262,0.14484209350167965,0.10882387601012725,-0.0360182174915524
263,0.09310979873592864,0.0504162240880371,-0.042693574647891544
264,0.21699683962590957,0.09329040343285128,-0.1237064361930583
265,0.17951937350586175,0.048611126231788496,-0.13090824727407324
266,0.12977992909107586,0.13220630824373614,0.0024263791526602796
267,0.08473854790383266,0.06144273041911748,-0.02329581748471518
268,0.1408526190954943,0.07013118518045258,-0.07072143391504171
269,0.11494794757016771,0.053487435602750016,-0.0614605119674177
270,0.16346588405591642,0.07426678227527152,-0.0891991017806449
271,0.17430118567952302,0.07670855816671229,-0.09759262751281073
272,0.08883398410929794,0.10029506118582171,0.011461077076523773
273,0.17258360431642122,0.05943018344117909,-0.11315342087524213
274,0.07053537571510164,0.05461438746659562,-0.015920988248506025
275,0.16044044290287296,0.11905640110225657,-0.04138404180061639
276,0.10693573253949593,0.08860234673043715,-0.018333385809058772
277,0.12141749848509463,0.07631104273255349,-0.045106455752541144
278,0.08357826006136089,0.05398744162872384,-0.02959081843263705
279,0.11186525056546785,0.048055995851389796,-0.06380925471407806
280,0.15054125529517218,0.06625491795225719,-0.08428633734291499
281,0.11250682138738104,0.07326894377406334,-0.03923787761331769
282,0.11827701484413959,0.07094816828680957,-0.04732884655733002
283,0.09494208647367593,0.056084092220796744,-0.03885799425287918
284,0.1329609308035111,0.0909022316049339,-0.0420586991985772
285,0.26086959150699246,0.13921037585038026,-0.1216592156566122
286,0.12997977172462682,0.06243272792038383,-0.06754704380424299
287,0.03421789240078695,0.02807386923095215,-0.006144023169834801
288,0.18069456810295462,0.07086195675108783,-0.10983261135186678
289,0.11551962408027562,0.08374121251723489,-0.03177841156304073
290,0.15173671901786795,0.10139026630744216,-0.05034645271042579
291,0.09538724263636936,0.05878050260103979,-0.036606740035329564
292,0.19829828664892718,0.07892967927095212,-0.11936860737797506
293,0.054109641736032874,0.08828832664678077,0.034178684910747895
294,0.16365706799590146,0.09972042867569514,-0.06393663932020632
295,0.08793891227257022,0.05501864558494492,-0.03292026668762531
296,0.3089508666318889,0.1404433247725088,-0.16850754185938013
297,0.1352917602364243,0.05095132063308675,-0.08434043960333756
298,0.04697693556311014,0.03617693985548316,-0.010799995707626978
299,0.20827531608945293,0.11475137742375172,-0.09352393866570122
300,0.14595729294490892,0.08405019898502708,-0.06190709395988184
301,0.17577840498189443,0.08425940613427628,-0.09151899884761815
302,0.10675202198196895,0.07878848631323407,-0.027963535668734885
303,0.11983164165670454,0.04039657548795312,-0.07943506616875143
304,0.13133674899438827,0.045649105253916605,-0.08568764374047166
305,0.09060311241863933,0.04609976470171127,-0.044503347716928064
306,0.1340397295499147,0.04435453393272114,-0.08968519561719356
307,0.07783345543852788,0.06209859020453497,-0.01573486523399291
308,0.18569304587252997,0.046097196783179986,-0.13959584908934997
309,0.10214484220897137,0.08195566705340872,-0.02018917515556265
310,0.1566590939512335,0.09073009986571401,-0.0659289940855195
311,0.1660413260919178,0.09467321225575384,-0.07136811383616395
312,0.10118342432939904,0.05599638685231716,-0.04518703747708188
313,0.14548937989315172,0.09106331245875517,-0.054426067434396555
314,0.1682829512379554,0.05700349961210979,-0.1112794516258456
315,0.08788536897559,0.09465686376784785,0.0067714947922578456
316,0.1480839588196539,0.08335524770069418,-0.06472871111895971
317,0.11486516807924523,0.06521757620892486,-0.04964759187032036
318,0.05032739063608536,0.04178457545244615,-0.00854281518363921
319,0.20670143168163901,0.11115583201504349,-0.09554559966659552
320,0.07783502881153617,0.025282721045962214,-0.05255230776557396
321,0.12770163835957674,0.12608967627141485,-0.001611962088161889
322,0.10218507457348473,0.0626320751586642,-0.03955299941482053
323,0.11034771420269787,0.10619206728911113,-0.004155646913586747
324,0.15235568246953368,0.12352853253976875,-0.028827149929764928
325,0.09274188737135852,0.064648492122842,-0.02809339524851652
326,0.17527291425421218,0.10298971842963929,-0.07228319582457289
327,0.07344904024667706,0.0319018727062546,-0.04154716754042246
328,0.12985850294084114,0.05178481786242427,-0.07807368507841687
329,0.08549639462568691,0.07055634878281328,-0.014940045842873631
330,0.09997257781235555,0.08559244593652306,-0.014380131875832494
331,0.1674592069551049,0.06849287468692408,-0.09896633226818083
332,0.1667108250037434,0.13644391087602448,-0.030266914127718925
333,0.09484909617467532,0.042571680993581586,-0.05227741518109374
334,0.07563076836235588,0.07851430142833982,0.0028835330659839342
335,0.0748400112620817,0.09034517084886722,0.015505159586785514
336,0.2956636761957641,0.12531868454234277,-0.17034499165342135
337,0.10880119261250079,0.11862432135886701,0.00982312874636622
338,0.1222752029382041,0.05889198804278032,-0.06338321489542378
339,0.06479391106520224,0.030164766607551834,-0.034629144457650404
340,0.054446444840681334,0.041313548959658976,-0.013132895881022358
341,0.08776115760608924,0.06408178787933597,-0.023679369726753274
342,0.08850162653587795,0.04191633203268563,-0.04658529450319232
343,0.14923764978426657,0.08454947844009811,-0.06468817134416846
344,0.0968821591571719,0.066041457420767,-0.030840701736404894
345,0.22389506339243725,0.11833784623302929,-0.10555721715940797
346,0.09887703386857141,0.04918452519508467,-0.04969250867348674
347,0.13380088074077906,0.10372651405330403,-0.030074366687475027
348,0.10803931468639473,0.08742337260638794,-0.02061594208000679
349,0.14966106742625593,0.07658586135458499,-0.07307520607167094
350,0.09351212971483278,0.09298745758147116,-0.0005246721333616172
351,0.08612113158219348,0.1586598314082232,0.07253869982602973
352,0.19890638179955772,0.1330205727645005,-0.06588580903505722
353,0.1442824201399349,0.07641633889998539,-0.0678660812399495
354,0.13834884665704977,0.07211189431334732,-0.06623695234370246
355,0.11136436012826394,0.07044564841243212,-0.04091871171583182
356,0.1341767204679882,0.0449368964633198,-0.0892398240046684
357,0.14614477206548437,0.11779365485659314,-0.028351117208891233
358,0.1180378497976762,0.07902798196160267,-0.039009867836073533
359,0.07021819945274924,0.05400924089659394,-0.016208958556155298
360,0.07666819866163357,0.061926118371054585,-0.014742080290578989
361,0.12318829235059764,0.11530208077874582,-0.00788621157185182
362,0.2373767270236626,0.15860627500242727,-0.07877045202123534
363,0.09734311332703874,0.0517868212447052,-0.04555629208233354
364,0.11089276915466599,0.0806347088034625,-0.030258060351203486
365,0.23334667080943447,0.10024771628024422,-0.13309895452919024
366,0.0476839174662092,0.03107708671132852,-0.016606830754880682
367,0.0822996426070504,0.056974654398877986,-0.025324988208172416
368,0.19559149065898818,0.10758702155471163,-0.08800446910427655
369,0.06578352551879449,0.07905860745608508,0.013275081937290586
370,0.1822030758831323,0.09973722462738865,-0.08246585125574366
371,0.14685398753144518,0.08258000174199774,-0.06427398578944744
372,0.12361109126553471,0.08078708226154468,-0.04282400900399003
373,0.17163640723331705,0.18551513544253176,0.013878728209214708
374,0.1870172594487505,0.08197627664631399,-0.10504098280243651
375,0.1077587638689746,0.10228835924428469,-0.005470404624689909
376,0.1070615495971152,0.06908387943356623,-0.03797767016354897
377,0.1079400418569053,0.13972152291060738,0.031781481053702085
378,0.18704707494409725,0.1206725730942072,-0.06637450184989005
379,0.11438560096359553,0.10601310387607198,-0.00837249708752355
380,0.07106791491637215,0.07549043862675758,0.004422523710385429
381,0.08444077136145334,0.041461769278413954,-0.04297900208303938
382,0.12335776606229369,0.06778145506130015,-0.05557631100099354
383,0.14707536341319585,0.0758276628813816,-0.07124770053181426
384,0.07924324428125355,0.06476810053870055,-0.014475143742553001
385,0.07898246631973772,0.16641857938896257,0.08743611306922484
386,0.06893232165080873,0.045874082678704554,-0.023058238972104177
387,0.046631383329007785,0.07915062583076833,0.03251924250176055
388,0.09796994163585027,0.061581283810590234,-0.03638865782526003
389,0.11901534052639251,0.06151800232374365,-0.05749733820264886
390,0.1262064361867328,0.09015744673934649,-0.03604898944738631
391,0.0925022359011874,0.05699426596688276,-0.03550796993430465
392,0.13649959584603305,0.08874156995675528,-0.04775802588927777
393,0.15874167175675166,0.0878621980539374,-0.07087947370281426
394,0.11909574828957094,0.0934772119707131,-0.02561853631885784
395,0.09920154405511994,0.08423572286977415,-0.014965821185345785
396,0.09446142828708386,0.24469161804763045,0.15023018976054658
397,0.09145269369440567,0.06242284618541369,-0.029029847508991985
398,0.0983973527311837,0.1154491060719339,0.017051753340750195
399,0.05274519762832939,0.02118467010061511,-0.03156052752771428
400,0.11701834071420719,0.05353108554670196,-0.06348725516750522
401,0.11487125579938438,0.07264408174587508,-0.0422271740535093
402,0.14514093351518526,0.04798967828873191,-0.09715125522645335
403,0.18529232538515172,0.08335016544635547,-0.10194215993879625
404,0.24623734251828708,0.08845277976314211,-0.15778456275514496
405,0.09665540741593778,0.07541973670086176,-0.021235670715076024
406,0.06523709682431325,0.02851393569160708,-0.03672316113270617
407,0.0914380497503429,0.0576839174408536,-0.03375413230948931
408,0.13982670165592728,0.09521920128037749,-0.044607500375549794
409,0.07350581581640024,0.05496754675690393,-0.018538269059496314
410,0.16646183033752332,0.06703570300686494,-0.09942612733065838
411,0.05923922893534099,0.03480175816034356,-0.02443747077499743
412,0.10016229854438657,0.05084729436075843,-0.04931500418362814
413,0.07834897250185224,0.05616591739926409,-0.022183055102588153
414,0.10487446189992201,0.06855355345056563,-0.036320908449356384
415,0.10830716325082472,0.06478990292324041,-0.04351726032758431
416,0.1909369766028479,0.08017052525838037,-0.11076645134446753
417,0.12644635663848544,0.05218828702776937,-0.07425806961071607
418,0.08623291504559702,0.05815434791889092,-0.028078567126706103
419,0.0849349303814913,0.07215860277976624,-0.012776327601725063
420,0.08045721479490023,0.038652660892767685,-0.041804553902132544
421,0.17492471096468645,0.12480396609037783,-0.05012074487430862
422,0.13039884485085507,0.0896231294328538,-0.04077571541800126
423,0.2316454794632306,0.1593438786758109,-0.0723016007874197
424,0.11349014913186264,0.07300384176259915,-0.040486307369263494
425,0.12995659635205187,0.07367453692072864,-0.05628205943132322
426,0.25151097455950566,0.10827101656228447,-0.1432399579972212
427,0.11241487676515857,0.0686022055796187,-0.04381267118553987
428,0.06905783907873128,0.06101624134740766,-0.008041597731323624
429,0.07264914474091452,0.09140064487618106,0.01875150013526654
430,0.17038484453723787,0.08435333780063237,-0.0860315067366055
431,0.08226192389130785,0.054741083252081005,-0.027520840639226843
432,0.14828448185665663,0.06315904335534213,-0.0851254385013145
433,0.1592722278792911,0.12591300686418208,-0.03335922101510902
434,0.06006894387486067,0.07193153123756807,0.0118625873627074
435,0.2557239273406521,0.11988159559068201,-0.13584233174997007
436,0.13233900439498222,0.08227935655259672,-0.05005964784238551
437,0.11770809462546686,0.0502987798494452,-0.06740931477602166
438,0.06933238616335971,0.022610924660224845,-0.046721461503134866
439,0.04973077579832051,0.06527615112093231,0.015545375322611799
440,0.03951332882557416,0.023707386865010758,-0.0158059419605634
441,0.09675115622532279,0.054592780303720376,-0.04215837592160242
442,0.1463134531949572,0.07159768588382495,-0.07471576731113225
443,0.14699351473898048,0.12407729189444666,-0.022916222844533818
444,0.101857570281707,0.07867925821371374,-0.023178312067993256
445,0.15850519081101874,0.08498486111550312,-0.07352032969551563
446,0.11131982175876545,0.06711321138551242,-0.04420661037325303
447,0.16524141999683545,0.09954632554020966,-0.06569509445662579
448,0.14375530186452537,0.08836917858758297,-0.055386123276942395
449,0.08119740689553852,0.03278844774673062,-0.0484089591488079
450,0.1395597125921773,0.08152097993955046,-0.05803873265262685
451,0.08229822927881339,0.03953519150986672,-0.04276303776894667
452,0.10970391037741009,0.05151772279746081,-0.05818618757994928
453,0.09549668082096477,0.09106150527922428,-0.004435175541740485
454,0.10157853383611669,0.06613416471206464,-0.03544436912405205
455,0.16721759567512923,0.0958837681979614,-0.07133382747716782
456,0.21870072740616597,0.09748530785864704,-0.12121541954751894
457,0.10760842118592713,0.07685474792273768,-0.03075367326318945
458,0.13720462132873848,0.05856162541313652,-0.07864299591560196
459,0.10379685750202285,0.06178952152702153,-0.042007335975001316
460,0.12705619543204733,0.06310229212914252,-0.0639539033029048
461,0.06887431135004549,0.05658646997248357,-0.012287841377561913
462,0.21393870641807586,0.08456200875607492,-0.12937669766200094
463,0.05139021869354382,0.046731336357833934,-0.004658882335709887
464,0.10097216806246874,0.03246616867448625,-0.06850599938798249
465,0.06013055425483712,0.04263544425795698,-0.017495109996880143
466,0.1205952114314447,0.07193156721008186,-0.04866364422136284
467,0.16962354502955637,0.07388336861312803,-0.09574017641642835
468,0.1347095481311742,0.07301536321535404,-0.061694184915820155
469,0.06412748462226386,0.07658014319226393,0.012452658570000066
470,0.0567285789483163,0.03708856706502249,-0.019640011883293812
471,0.07842524692349137,0.058459167846137014,-0.019966079077354357
472,0.10778246045692698,0.07182984234088303,-0.035952618116043944
473,0.11560298657969448,0.06139505922352624,-0.05420792735616824
474,0.23226822491121435,0.09558080909597208,-0.13668741581524227
475,0.11419473581011443,0.0860312447251956,-0.02816349108491882
476,0.0996634074025776,0.0402884302785248,-0.059374977124052805
477,0.13834325920838608,0.09133022567097573,-0.04701303353741035
478,0.0689009803218224,0.06388195568931149,-0.005019024632510916
479,0.10771423654855422,0.08004597385784382,-0.027668262690710405
480,0.05259623051179901,0.1908594880635232,0.1382632575517242
481,0.08537027720344866,0.043682674247713466,-0.04168760295573519
482,0.05787827694680517,0.0974551646374033,0.039576887690598125
483,0.17662013099206572,0.0896816270546643,-0.08693850393740142
484,0.06435885541996017,0.03666682244248893,-0.02769203297747124
485,0.2117524318817408,0.12745369988308905,-0.08429873199865176
486,0.13151090792944106,0.07253687145951374,-0.05897403646992733
487,0.14901297770574218,0.08358582756246463,-0.06542715014327755
488,0.07801030781140182,0.04932366397707469,-0.028686643834327133
489,0.22460420612333726,0.11617289922920455,-0.1084313068941327
490,0.08001024954277144,0.06756857670515709,-0.012441672837614354
491,0.14721135682121167,0.1308532837237903,-0.016358073097421377
492,0.14435271234153302,0.07703178297975873,-0.06732092936177429
493,0.15633607324709864,0.07427497080038185,-0.08206110244671679
494,0.15159963820287134,0.06159203834241155,-0.09000759986045978
495,0.06933402422708482,0.07176604827341349,0.002432024046328668
496,0.09978725017292593,0.0413494188213705,-0.05843783135155543
497,0.06728066451460343,0.04135589344759957,-0.02592477106700386
498,0.11078536896285321,0.088452208374903,-0.022333160587950207
499,0.1059929462742805,0.04749495830581905,-0.05849798796846146
500,0.07775747541677523,0.05127427644756895,-0.026483198969206284
501,0.08196706321969408,0.06971132791596775,-0.012255735303726326
502,0.07995085185552951,0.059434086334168516,-0.020516765521360995
503,0.13772917713186034,0.08143204958333727,-0.05629712754852306
504,0.10664186576679033,0.0626979399854284,-0.04394392578136193
505,0.19315560483311617,0.13663466820287004,-0.05652093663024613
506,0.050898406481248236,0.020306365291115496,-0.03059204119013274
507,0.09761331067172269,0.05980782442871713,-0.03780548624300556
508,0.11204586644624129,0.10269077529594244,-0.009355091150298853
509,0.09138481750053612,0.04477008123758265,-0.04661473626295347
510,0.07048802622983216,0.06398925201838512,-0.006498774211447039
511,0.08816280865007482,0.06409723388314098,-0.024065574766933842
512,0.12040269677919802,0.1436001377661615,0.023197440986963497
513,0.14561428900548648,0.06685993618049373,-0.07875435282499275
514,0.11209151046528765,0.06819921250153227,-0.04389229796375538
515,0.10420035583080775,0.06970418997383487,-0.03449616585697288
516,0.11206956456006462,0.0769099665639501,-0.03515959799611451
517,0.10494093372171544,0.059854544826519,-0.045086388895196436
518,0.1614373936314485,0.06576774290311845,-0.09566965072833004
519,0.16684688889168942,0.042162189866943325,-0.12468469902474609
520,0.07834850301704627,0.050457748922123326,-0.02789075409492294
521,0.2318655473870999,0.11396490129535927,-0.11790064609174064
522,0.14369935076138757,0.06746821316761295,-0.07623113759377462
523,0.21490155822101034,0.12252233383272813,-0.09237922438828221
524,0.06851458279054085,0.04546895052054403,-0.023045632269996813
525,0.15839931857478182,0.12113143264820048,-0.03726788592658134
526,0.08338357118853303,0.03375608810016896,-0.049627483088364066
527,0.08378668536908185,0.04057349592211776,-0.04321318944696409
528,0.14691986894553177,0.07421033911275134,-0.07270952983278044
529,0.13010254994787088,0.06583788818104386,-0.06426466176682702
530,0.1693864426671852,0.06954811793103303,-0.09983832473615216
531,0.14367751016828675,0.08167711719776871,-0.06200039297051804
532,0.10566346553043492,0.06499614641256074,-0.040667319117874176
533,0.15916850165785174,0.09053526607270639,-0.06863323558514535
534,0.09501964996776505,0.06749123252565449,-0.027528417442110556
535,0.09381807840339729,0.0596292777547637,-0.03418880064863359
536,0.10158016305378215,0.056121082309032344,-0.0454590807447498
537,0.1709449171870563,0.07683764843994566,-0.09410726874711063
538,0.1337937405790281,0.0800343409956979,-0.0537593995833302
539,0.10617228724999186,0.0616997636800867,-0.044472523569905165
540,0.27278947648756013,0.12226415318924973,-0.15052532329831042
541,0.11867116504895603,0.09459112391009411,-0.02408004113886192
542,0.12482419613627938,0.09903099926385976,-0.025793196872419613
543,0.14463509511270037,0.1343232960095312,-0.010311799103169178
544,0.1820720586617668,0.09841042598219091,-0.08366163267957588
545,0.1558712032575446,0.09449515922942459,-0.061376044028120025
546,0.2021906863192554,0.07572839049701763,-0.12646229582223778
547,0.1274131362136339,0.078180686411018,-0.0492324498026159
548,0.1282213492379896,0.08081368305204437,-0.047407666185945246
549,0.1624029761321888,0.09679848222434004,-0.06560449390784875
550,0.1849837068932622,0.050914650622842596,-0.13406905627041962
551,0.12348379003859787,0.06441074015772247,-0.0590730498808754
552,0.11360232947749041,0.09285405468730254,-0.02074827479018787
553,0.18369244463884543,0.06069868360458054,-0.12299376103426489
554,0.09301636598547147,0.04027985801600771,-0.05273650796946376
555,0.15390910129560112,0.12649750705164967,-0.027411594243951454
556,0.07381887509691332,0.04896715730826687,-0.02485171778864645
557,0.20560825982552586,0.06749051562877262,-0.13811774419675324
558,0.06579834084061228,0.05508042451257248,-0.010717916328039805
559,0.04921035613482101,0.04723676127415679,-0.0019735948606642226
560,0.07366465591141584,0.05933607185989753,-0.014328584051518309
561,0.2110013952788027,0.07676711930999161,-0.1342342759688111
562,0.0944773110599579,0.0818174485116883,-0.01265986254826959
563,0.15416559606076527,0.116665745797113,-0.03749985026365227
564,0.16329135102925993,0.03943790057402766,-0.12385345045523227
565,0.21648129802260951,0.07681521920209086,-0.13966607882051865
566,0.3280657265676501,0.13294804253365064,-0.19511768403399946
567,0.24675057097039754,0.11431271132396044,-0.13243785964643712
568,0.05071508015452345,0.035874530503110624,-0.014840549651412828
569,0.10572524148337216,0.09131660937656569,-0.014408632106806471
570,0.18316129715033852,0.0974825085076861,-0.08567878864265242
571,0.1830258064410545,0.08772061766788021,-0.0953051887731743
572,0.08282855584931823,0.03505325654858423,-0.047775299300733994
573,0.08520401378600706,0.06234096795843677,-0.02286304582757029
574,0.13038299204302814,0.09807942362591328,-0.03230356841711486
575,0.12070769668328864,0.048251240716339565,-0.07245645596694908
576,0.14443723265915862,0.07776461896449426,-0.06667261369466436
577,0.05880427719885259,0.051810450389883744,-0.006993826808968845
578,0.12242809071367644,0.0564969328614993,-0.06593115785217714
579,0.08953462481583915,0.08218205368335285,-0.007352571132486302
580,0.08684123346032428,0.06554079590250618,-0.021300437557818103
581,0.0609242466647206,0.01990652978321498,-0.041017716881505614
582,0.17736748226138835,0.09695354924505553,-0.08041393301633282
583,0.14731003929450953,0.07707187773919598,-0.07023816155531355
584,0.06476351263641701,0.06955088674534314,0.004787374108926129
585,0.07553795448191018,0.0359017493759156,-0.03963620510599458
586,0.12247267657225999,0.08995337685583034,-0.03251929971642965
587,0.08809815093802156,0.04953469458885326,-0.0385634563491683
588,0.07612915977011304,0.054005300123913885,-0.02212385964619916
589,0.0925970633123946,0.047298606936601574,-0.04529845637579303
590,0.07952070257729098,0.07827828814051445,-0.0012424144367765289
591,0.17830096956388164,0.12412654228900007,-0.05417442727488157
592,0.1702139448993344,0.07415352466292119,-0.0960604202364132
593,0.09722485312610452,0.09037303936441116,-0.006851813761693359
594,0.05039529676807732,0.032423169975751176,-0.017972126792326147
595,0.1713701062630503,0.09547125992662908,-0.07589884633642122
596,0.13493028041951727,0.0692084072970609,-0.06572187312245636
597,0.06073521855391573,0.029720139649758084,-0.03101507890415765
598,0.10846920714436734,0.06772288449562337,-0.04074632264874396
599,0.07737551662807543,0.02906596879950567,-0.04830954782856976
600,0.16447961711516718,0.10425959935851756,-0.06022001775664962
601,0.11047572407919028,0.044357463123378134,-0.06611826095581214
602,0.14256520131086525,0.07280440716966102,-0.06976079414120423
603,0.1430228181073388,0.042921976869580714,-0.10010084123775809
604,0.13047702745794865,0.0818510804717318,-0.04862594698621685
605,0.09633215674758078,0.04332117582017559,-0.05301098092740519
606,0.13690961104451185,0.12090096023009286,-0.01600865081441899
607,0.17189890319439313,0.0838324721739636,-0.08806643102042953
608,0.13314723345691495,0.054449772273233055,-0.0786974611836819
609,0.09886679144195058,0.06795408003299312,-0.03091271140895746
610,0.11073874174356053,0.1068297954357213,-0.003908946307839237
611,0.24909340937100427,0.08870341948495208,-0.1603899898860522
612,0.1993614429538506,0.11790322306203185,-0.08145821989181876
613,0.14790412317261478,0.07041979062011397,-0.07748433255250081
614,0.08283942767491603,0.07155403838802486,-0.01128538928689117
615,0.13935303103195779,0.09189752038659775,-0.047455510645360036
616,0.15008871393597434,0.10489470360714749,-0.04519401032882685
617,0.16679716634871508,0.08221566186905652,-0.08458150447965856
618,0.10983065198903623,0.06987128358498129,-0.03995936840405494
619,0.13982541356009143,0.08877419867069047,-0.05105121488940095
620,0.07714924755154792,0.06479573489004578,-0.012353512661502142
621,0.2121684780881641,0.05287705020400144,-0.15929142788416267
622,0.0964257174839531,0.07872094442190984,-0.017704773062043253
623,0.21698252740675686,0.11800390201399463,-0.09897862539276223
624,0.0979264567687478,0.03165491363455754,-0.06627154313419026
625,0.06394800761588773,0.07457464954437301,0.010626641928485281
626,0.10155975157320227,0.054246873605849004,-0.04731287796735326
627,0.20223041654095375,0.10018883015590115,-0.1020415863850526
628,0.07633593618649437,0.05069423256866496,-0.025641703617829407
629,0.07823142432583367,0.051186402792080594,-0.02704502153375308
630,0.11050599076789898,0.04904700267880165,-0.061458988089097326
631,0.1030283505198713,0.04006394150044012,-0.06296440901943118
632,0.1365435924691326,0.07389395700605443,-0.06264963546307818
633,0.1621228123921027,0.10514685934205942,-0.05697595305004327
634,0.16059378909653238,0.0667731523382914,-0.09382063675824098
635,0.14779895690023045,0.08614929704645646,-0.06164965985377399
636,0.14589854446008904,0.06674543272081798,-0.07915311173927106
637,0.10677534806597366,0.08457403185876358,-0.02220131620721008
638,0.1344868118191117,0.055121059470037446,-0.07936575234907425
639,0.2592485832105694,0.07780332542875823,-0.1814452577818112
640,0.10713911795235478,0.08163625355374576,-0.02550286439860902
641,0.146751563909599,0.05639142935083123,-0.09036013455876778
642,0.10314682296251573,0.08128282912376744,-0.02186399383874829
643,0.09145844595049797,0.057673896444462636,-0.033784549506035336
644,0.28528808381883886,0.12279287367650167,-0.1624952101423372
645,0.11448784396194087,0.07538866007937442,-0.039099183882566446
646,0.10467255729364891,0.05062374836096456,-0.05404880893268435
647,0.15067435515336558,0.08378207969442127,-0.06689227545894431
648,0.09435861612368716,0.04875878936929345,-0.04559982675439372
649,0.09817802285795156,0.05987098577375126,-0.0383070370842003
650,0.16475985019927447,0.04082529187318385,-0.12393455832609063
651,0.10715209188998316,0.08201117099486073,-0.02514092089512243
652,0.253613325355643,0.15362036825541986,-0.09999295710022316
653,0.09920600433626725,0.10154356872093387,0.0023375643846666183
654,0.25038106655487075,0.12332603076183501,-0.12705503579303573
655,0.14584735877808394,0.09748470477347283,-0.04836265400461111
656,0.08458285392400529,0.07215026765183755,-0.012432586272167742
657,0.10841192962649704,0.047831443400374006,-0.06058048622612303
658,0.2170539305469287,0.09248435092488398,-0.12456957962204472
659,0.09888225617857342,0.10429701422248334,0.005414758043909923
660,0.07986123986026135,0.19685461802437035,0.116993378164109
661,0.13226740932078035,0.06477994247911371,-0.06748746684166664
662,0.11225317185100954,0.040706034760942554,-0.07154713709006699
663,0.1273224902912127,0.10286117399595332,-0.024461316295259383
664,0.09112529492944882,0.07882593202275516,-0.012299362906693659
665,0.057372382019807246,0.09264943035055555,0.0352770483307483
666,0.11268681886769728,0.06624797421951219,-0.046438844648185096
667,0.07928547306560145,0.05410658654795622,-0.02517888651764523
668,0.11246439408075555,0.06630805368830747,-0.04615634039244808
669,0.12111432950968003,0.07589930489902164,-0.04521502461065839
670,0.18040468636816454,0.13400667539108613,-0.04639801097707841
671,0.1052052102036526,0.06530299373256175,-0.03990221647109085
672,0.11643512658500219,0.06787303200512557,-0.04856209457987662
673,0.12990458048107628,0.1045564998615021,-0.02534808061957418
674,0.15041918076316535,0.10152236456725897,-0.048896816195906384
675,0.15926475747591723,0.05571420940920288,-0.10355054806671435
676,0.014382371371252443,0.01717702027710471,0.002794648905852265
677,0.23407753784627006,0.13293943025564137,-0.10113810759062869
678,0.19692052544380942,0.05962036384011807,-0.13730016160369135
679,0.24879693247115142,0.1318292274543591,-0.11696770501679232
680,0.04439646493541177,0.03948686200552448,-0.004909602929887291
681,0.1329744598094632,0.056709926311370604,-0.0762645334980926
682,0.10495274989182508,0.06214993778945162,-0.042802812102373466
683,0.08300885999457668,0.0615279659373041,-0.021480894057272576
684,0.08433506968523141,0.046562021158517305,-0.037773048526714106
685,0.13522951315172882,0.08212448134953843,-0.053105031802190394
686,0.07991901757822084,0.07138490805086989,-0.008534109527350953
687,0.2013713820510551,0.11826065871291991,-0.08311072333813518
688,0.16300947295042145,0.08307397396664012,-0.07993549898378133
689,0.11374821836477694,0.0629620895464507,-0.05078612881832624
690,0.09085793125544697,0.06701747680963713,-0.023840454445809844
691,0.06668191080978614,0.04823391455370731,-0.018447996256078826
692,0.027734537098438143,0.021633712499203185,-0.006100824599234958
693,0.09950308952901278,0.054193942021951984,-0.0453091475070608
694,0.22295843588382636,0.09913639328221123,-0.12382204260161513
695,0.12634439555835122,0.07417858794601367,-0.05216580761233755
696,0.0684491038581221,0.054054908110453694,-0.014394195747668405
697,0.0627000604252864,0.06467793649972603,0.0019778760744396245
698,0.11774633757192608,0.0678392146621972,-0.04990712290972889
699,0.10005136007177313,0.0556136119177066,-0.044437748154066536
700,0.15820130534676155,0.0651761969543581,-0.09302510839240345
701,0.15243559609057888,0.0944075500695047,-0.058028046021074184
702,0.0608758505512242,0.0497736440523851,-0.011102206498839098
703,0.06489896942875366,0.036015006899736496,-0.028883962529017163
704,0.06225006015174102,0.05197815696440653,-0.010271903187334487
705,0.16145616683400846,0.060686478562520046,-0.10076968827148841
706,0.0876277712487687,0.08725635668292339,-0.00037141456584530164
707,0.08630387396025661,0.05846546408140669,-0.027838409878849925
708,0.13517770535655552,0.0959973618183963,-0.03918034353815922
709,0.12302349444436196,0.0796453261980159,-0.04337816824634606
710,0.14194381699087621,0.0783222933685465,-0.06362152362232971
711,0.08594301335576127,0.0639780189237259,-0.021964994432035367
712,0.07109282131973742,0.05395658476396644,-0.017136236555770977
713,0.08671737027457856,0.05769870533127815,-0.02901866494330041
714,0.0816403795802523,0.04602516273938839,-0.03561521684086391
715,0.11576009935289408,0.1168638938809844,0.0011037945280903266
716,0.051552277531866496,0.04122127727392601,-0.010331000257940488
717,0.11207630564808373,0.07411390131870745,-0.03796240432937628
718,0.10861374673066695,0.07794987234977263,-0.030663874380894324
719,0.1086390839024716,0.09660836072145126,-0.01203072318102033
720,0.11658314113509699,0.07171058096998856,-0.04487256016510843
721,0.12203738989413457,0.10433032050644361,-0.017707069387690955
722,0.1650287303777409,0.09813425830107218,-0.06689447207666872
723,0.14705715236787445,0.08955123709585168,-0.05750591527202277
724,0.19764598953717216,0.1260972069626145,-0.07154878257455766
725,0.09265993527247643,0.10453704600453897,0.011877110732062546
726,0.17345913047882927,0.12842394346554548,-0.045035187013283795
727,0.0877361822758454,0.09539057268336885,0.0076543904075234565
728,0.11547842999115619,0.09519177060996291,-0.020286659381193284
729,0.09359247522015254,0.06607513657225886,-0.027517338647893685
730,0.07082887660937492,0.06938901147382051,-0.0014398651355544134
731,0.09088885971554551,0.08107144029382832,-0.009817419421717197
732,0.13276323725587752,0.07389808443409102,-0.058865152821786504
733,0.12777398604115192,0.06393433454914604,-0.06383965149200588
734,0.09895231335364571,0.15666402307058544,0.05771170971693973
735,0.14188806257836512,0.03955571084075098,-0.10233235173761414
736,0.09034351924570933,0.05551538670898906,-0.03482813253672026
737,0.17173562549638302,0.12107070865350819,-0.05066491684287483
738,0.15802635898751385,0.13095461754824017,-0.027071741439273683
739,0.13546266791802344,0.09170786748625367,-0.04375480043176977
740,0.07899631813663578,0.05477927842731155,-0.024217039709324234
741,0.17943683799133436,0.09379254604435155,-0.08564429194698281
742,0.12378763393953371,0.07916288862771363,-0.04462474531182008
743,0.09719909372371857,0.06644650014473046,-0.030752593578988116
744,0.1276268770740491,0.11841884419426472,-0.009208032879784375
745,0.0909427558280114,0.0717074143701271,-0.01923534145788429
746,0.0984052561391848,0.05943121829017458,-0.03897403784901022
747,0.15477093523045923,0.08693323819016756,-0.06783769704029168
748,0.15803326203071483,0.0835512672742158,-0.07448199475649903
749,0.10512669907689799,0.06221538519834533,-0.04291131387855266
750,0.15065309704412694,0.07071752486208155,-0.07993557218204539
751,0.10515827313536924,0.06561148232692923,-0.03954679080844001
752,0.07275808224401552,0.05342830007350727,-0.01932978217050825
753,0.14296142700284123,0.05522445603337072,-0.0877369709694705
754,0.07145521915532267,0.04086794459082645,-0.030587274564496225
755,0.09226337186423335,0.07504207865880043,-0.01722129320543292
756,0.2587558192693648,0.09655654863966674,-0.16219927062969808
757,0.13458603068016065,0.09201163166425509,-0.042574399015905554
758,0.13662649366871146,0.09463543468826953,-0.041991058980441934
759,0.09528697295986238,0.04357344660913804,-0.05171352635072434
760,0.15758249004901065,0.09468811402585031,-0.06289437602316034
761,0.11896184648124497,0.08944615269269914,-0.029515693788545835
762,0.053232649078362324,0.023787473730042134,-0.02944517534832019
763,0.1424404417192048,0.07706061769962161,-0.0653798240195832
764,0.2489669301379264,0.09083314124455996,-0.15813378889336643
765,0.16595016868434342,0.10783398465069831,-0.058116184033645116
766,0.08398546998604653,0.09340961028230042,0.009424140296253894
767,0.0648714234113077,0.0644380738532605,-0.00043334955804719133
768,0.075083105085323,0.05875577180713435,-0.016327333278188645
769,0.07825228636804533,0.051582230490445705,-0.02667005587759963
770,0.08916792171670859,0.0740453942136454,-0.015122527503063199
771,0.10199278116087786,0.08748248177640558,-0.014510299384472278
772,0.1877184200187307,0.05707066410391491,-0.1306477559148158
773,0.16064138612102757,0.057934104902359056,-0.10270728121866851
774,0.12239304189624069,0.13149619494602383,0.009103153049783139
775,0.12293800036868462,0.05839685092027939,-0.06454114944840522
776,0.11787733647388353,0.08350985743807283,-0.034367479035810694
777,0.13412271545572008,0.04921698568476438,-0.0849057297709557
778,0.0739432290056291,0.039886308813337316,-0.03405692019229178
779,0.08520187633559316,0.05316114997781578,-0.03204072635777738
780,0.12000729866067555,0.06011577126489434,-0.05989152739578121
781,0.09079300636166489,0.057318246588408464,-0.033474759773256424
782,0.060971826366302724,0.07017573762062165,0.00920391125431893
783,0.16909532020750598,0.06451254886924199,-0.10458277133826399
784,0.09407382952365438,0.054852877068432594,-0.03922095245522179
785,0.16753967992966734,0.0907316143544527,-0.07680806557521463
786,0.09038369212892673,0.05138512069829605,-0.03899857143063068
787,0.15478316086922453,0.10224689070747164,-0.052536270161752885
788,0.1652662783869677,0.06693814872517079,-0.09832812966179691
789,0.1317873133141456,0.09020759024031116,-0.041579723073834424
790,0.14199928770128956,0.05797804622052723,-0.08402124148076233
791,0.12971878023783842,0.09766616096400194,-0.032052619273836486
792,0.21871710714949205,0.1419235155218339,-0.07679359162765814
793,0.08269997544144575,0.041393185363150294,-0.041306790078295456
794,0.11010171991401614,0.07187404245552592,-0.03822767745849022
795,0.18519927571400752,0.06655456747362211,-0.11864470824038541
796,0.20507656668059873,0.06667823282707255,-0.13839833385352618
797,0.12618340505481762,0.061345429490724336,-0.06483797556409329
798,0.10019808219059785,0.049895381602504535,-0.050302700588093316
799,0.06914043539546642,0.05796121018700127,-0.011179225208465156
800,0.1553434134525864,0.07619593740602805,-0.07914747604655835
801,0.1923654244201402,0.1128615226720806,-0.0795039017480596
802,0.1531387386816795,0.08331640240129747,-0.06982233628038202
803,0.14036862924842722,0.05641150306785519,-0.08395712618057202
804,0.07881446507013004,0.033832487555516814,-0.044981977514613226
805,0.15897370032681443,0.10063109077280263,-0.0583426095540118
806,0.15901433286529054,0.07147397558347432,-0.08754035728181622
807,0.06645188398337568,0.049367020973852385,-0.01708486300952329
808,0.05204532588635094,0.06346051574800686,0.01141518986165592
809,0.22168674408400443,0.07662968165481741,-0.14505706242918703
810,0.20780044690465937,0.13199548980090037,-0.07580495710375901
811,0.20488592983762494,0.10798945266509147,-0.09689647717253347
812,0.23210963579084581,0.10083747205988675,-0.13127216373095907
813,0.15293977482348062,0.07296220800941361,-0.07997756681406701
814,0.11044336299546112,0.06849111901964972,-0.041952243975811404
815,0.09339585431904826,0.05822549319537594,-0.03517036112367232
816,0.07848375617188313,0.03458763186413758,-0.04389612430774555
817,0.07816696315804031,0.0419098494265428,-0.03625711373149751
818,0.10881401979091597,0.08332325106060393,-0.025490768730312044
819,0.14613785787272032,0.060328524591043896,-0.08580933328167642
820,0.14851795988692199,0.09846953724963653,-0.050048422637285456
821,0.18121449544296292,0.11774465870673337,-0.06346983673622955
822,0.19823421136459907,0.09828805269442298,-0.09994615867017609
823,0.15168567950424408,0.046666881531216106,-0.10501879797302797
824,0.12962218939731524,0.06786261362636414,-0.06175957577095109
825,0.14541876464125014,0.05578826433719376,-0.08963050030405638
826,0.08938444341961031,0.059461673356383124,-0.02992277006322719
827,0.15982821212717746,0.06764421400235024,-0.09218399812482722
828,0.12764532688148406,0.0797982703977755,-0.04784705648370856
829,0.09790537055661322,0.06929580853962779,-0.028609562016985432
830,0.14956250108901065,0.08166039196728316,-0.06790210912172749
831,0.1267332829614245,0.057720332347545665,-0.06901295061387883
832,0.12606780363985834,0.08135891968922994,-0.0447088839506284
833,0.0830188421490689,0.05399200633632396,-0.02902683581274495
834,0.11252414164877272,0.06423484359429657,-0.048289298054476154
835,0.29306304987765197,0.12055132968696561,-0.17251172019068636
836,0.13065739120876846,0.09818355540390157,-0.03247383580486689
837,0.09883666687196324,0.08117947209998796,-0.017657194771975276
838,0.14647474321917595,0.14091821488770284,-0.005556528331473104
839,0.1414097764483871,0.09009677732231706,-0.05131299912607003
840,0.29245845735889237,0.16097903597965812,-0.13147942137923424
841,0.1277625711226448,0.08905844412543377,-0.03870412699721103
842,0.07646208814884727,0.051362035206777,-0.025100052942070267
843,0.09757628140051072,0.06808540427114723,-0.02949087712936349
844,0.07189464816841892,0.06311772571253892,-0.008776922455880007
845,0.10835309293710355,0.09203497432984876,-0.01631811860725478
846,0.06141981453292695,0.048612762577999374,-0.012807051954927574
847,0.060544882209082364,0.07897637245613126,0.018431490247048897
848,0.08504823312223236,0.046695036313940216,-0.03835319680829215
849,0.11159006620762402,0.07014632676422952,-0.041443739443394495
850,0.11218601912116002,0.039965912325207895,-0.07222010679595213
851,0.21159838420025445,0.09134098891536947,-0.12025739528488498
852,0.07233672575059,0.0482891015144294,-0.024047624236160595
853,0.11757465903550293,0.053617926642356706,-0.06395673239314623
854,0.1366562439669903,0.08455196172701057,-0.05210428223997973
855,0.11884628637900777,0.041504931282883135,-0.07734135509612464
856,0.108176351958929,0.07767472961265472,-0.03050162234627428
857,0.07972457627188734,0.0540706966279679,-0.025653879643919436
858,0.1383573937283529,0.0736501185038594,-0.0647072752244935
859,0.12144330131679329,0.07446137980560086,-0.04698192151119243
860,0.059705539874115685,0.03259154215608953,-0.027113997718026153
861,0.10460272883427563,0.0619338388568275,-0.042668889977448124
862,0.1519789966069917,0.0882344825173397,-0.06374451408965201
863,0.10070943470242368,0.05956652138938278,-0.041142913313040895
864,0.2550600596734609,0.0903716810981201,-0.1646883785753408
865,0.028564064227027064,0.04457238497140893,0.016008320744381868
866,0.14291077027801452,0.05883992364349187,-0.08407084663452265
867,0.08189674020838798,0.03602707560086085,-0.04586966460752713
868,0.12738280148082143,0.07313078875245152,-0.05425201272836991
869,0.09285633373386319,0.06285375730273385,-0.030002576431129344
870,0.11712168343522807,0.07929163459178637,-0.037830048843441696
871,0.08916430420839602,0.06476565433102797,-0.024398649877368048
872,0.14496876431918349,0.051589376432569264,-0.09337938788661422
873,0.07093603911112903,0.06277649686643431,-0.008159542244694715
874,0.06772977481875388,0.0470077317134334,-0.020722043105320477
875,0.07110137063002307,0.04802724034247947,-0.023074130287543605
876,0.08899797194965425,0.05199461526452878,-0.03700335668512547
877,0.23069716793531128,0.13601987824050182,-0.09467728969480946
878,0.06726884836536012,0.06403107734382271,-0.003237771021537411
879,0.11878635319192787,0.07598575909712543,-0.04280059409480244
880,0.2113612457200882,0.11987520902115534,-0.09148603669893285
881,0.07571095258549652,0.06402329139235191,-0.011687661193144613
882,0.20027610661967338,0.09081529069506789,-0.10946081592460549
883,0.10791555836489537,0.05408414796540098,-0.05383141039949439
884,0.11184776032310814,0.09825681712760223,-0.013590943195505911
885,0.11391898200694031,0.07971436220574646,-0.03420461980119385
886,0.0820819310202048,0.03496651267752987,-0.047115418342674936
887,0.11860991168710364,0.06690260161354454,-0.051707310073559096
888,0.09901382403794727,0.06922192451235432,-0.029791899525592955
889,0.14303563076044767,0.09410312838118018,-0.048932502379267495
890,0.12716703790014133,0.09983453016209742,-0.02733250773804391
891,0.13197894672026167,0.0836221510091546,-0.04835679571110707
892,0.12219748794566332,0.07797936533739078,-0.04421812260827254
893,0.15484566992322252,0.10603122068424659,-0.04881444923897593
894,0.06879183734484272,0.27101012089490223,0.2022182835500595
895,0.12603171919638465,0.0861168713497232,-0.03991484784666144
896,0.12300933633901869,0.07812644844096447,-0.04488288789805421
897,0.13040291506402052,0.07487872726977082,-0.055524187794249696
898,0.15708044215262382,0.07750710776529104,-0.07957333438733277
899,0.0998319073452595,0.05739589620846403,-0.042436011136795466
900,0.16353553129602805,0.11013061264210823,-0.05340491865391982
901,0.03988664763732736,0.07192348233446919,0.032036834697141824
902,0.09190858062512045,0.05091086047052294,-0.0409977201545975
903,0.14016202224346283,0.07620506540978138,-0.06395695683368145
904,0.12096602101093586,0.07254822316529382,-0.04841779784564204
905,0.09024940557152031,0.07276307918327252,-0.01748632638824779
906,0.03310188235540028,0.21910163955393605,0.1859997571985358
907,0.04986359753711433,0.02736608567462335,-0.02249751186249098
908,0.17362872308018515,0.11889506349295788,-0.05473365958722727
909,0.13388679304586576,0.08467572969570153,-0.04921106335016423
910,0.11356889782024197,0.05701295207182797,-0.056555945748414
911,0.15567333087744048,0.08609059897800037,-0.06958273189944011
912,0.1922038619790229,0.07301435839617834,-0.11918950358284455
913,0.14360973898594448,0.08031628171897165,-0.06329345726697283
914,0.11658438991586396,0.07487259047312232,-0.04171179944274164
915,0.14103194360299784,0.05867969733052255,-0.08235224627247528
916,0.11414454185392175,0.09169471809018034,-0.02244982376374141
917,0.17637952903395895,0.13480707196677832,-0.04157245706718063
918,0.10279941752737722,0.05352350311278678,-0.049275914414590435
919,0.18133794791075242,0.07988643000094581,-0.10145151790980661
920,0.10520091633901879,0.045580625791104626,-0.059620290547914165
921,0.08216638787196852,0.06842776794138934,-0.013738619930579177
922,0.07214685760207891,0.0784679995645633,0.006321141962484386
923,0.22519964800290443,0.09712534801002268,-0.12807429999288175
924,0.11816476120050359,0.09602459237409822,-0.022140168826405376
925,0.13417807393649206,0.06020605710997227,-0.0739720168265198
926,0.16284947860200047,0.06494195025220387,-0.0979075283497966
927,0.1363864120486132,0.07341208124500692,-0.06297433080360629
928,0.13718113383197633,0.06831286824217561,-0.06886826558980072
929,0.2004390881364831,0.07169229002808761,-0.12874679810839548
930,0.17397836615677076,0.11253339790919206,-0.061444968247578696
931,0.09702471546294131,0.05615617400321045,-0.04086854145973086
932,0.07870641135945547,0.06998337004565834,-0.008723041313797128
933,0.06418865320032054,0.05615666288964115,-0.008031990310679388
934,0.09015495108771575,0.04499855485271709,-0.04515639623499866
935,0.10376549684627637,0.059884679289931575,-0.04388081755634479
936,0.11012844703751556,0.0478636583109874,-0.062264788726528165
937,0.08357579571200191,0.06861711457955627,-0.01495868113244564
938,0.12730283973984294,0.08192027678158353,-0.045382562958259404
939,0.22998630956094746,0.07557741121038067,-0.1544088983505668
940,0.10792282431571691,0.060880909709646484,-0.04704191460607043
941,0.13316216633986971,0.05177259309552439,-0.08138957324434531
942,0.09495333435101187,0.068688875188976,-0.026264459162035875
943,0.14363913343184867,0.055654721507099006,-0.08798441192474966
944,0.22340073829670337,0.0883139387355818,-0.13508679956112157
945,0.1172808191822452,0.07182438490624658,-0.04545643427599862
946,0.0559617405575106,0.08305076917756883,0.027089028620058228
947,0.12151386925821912,0.06304508774931264,-0.058468781508906484
948,0.06777462149707045,0.04941585424205536,-0.01835876725501509
949,0.17755642027754576,0.09717461363377819,-0.08038180664376757
950,0.1477233218886616,0.06863936957800443,-0.07908395231065718
951,0.10242591748579795,0.061153265390995984,-0.041272652094801965
952,0.14632675001824644,0.05732258803892565,-0.08900416197932079
953,0.14363107242203854,0.09309531186346859,-0.05053576055856995
954,0.09113806723469069,0.061235715668970625,-0.02990235156572006
955,0.189369972656786,0.08678380407400682,-0.10258616858277919
956,0.08058391913015155,0.07734121918376768,-0.003242699946383862
957,0.10213184777652874,0.06904932678438361,-0.033082520992145134
958,0.13457233613157243,0.07113022747884343,-0.063442108652729
959,0.18884030476252778,0.0944954330137606,-0.09434487174876718
960,0.14840264056854374,0.07070164130725888,-0.07770099926128486
961,0.19086931353648404,0.12838400349128137,-0.06248531004520266
962,0.06350987201420884,0.04665211250403779,-0.016857759510171044
963,0.0490765658508894,0.03397997203531683,-0.015096593815572573
964,0.09497386330066603,0.03684150151913285,-0.05813236178153318
965,0.12374537806000671,0.07728652285395544,-0.04645885520605127
966,0.11676720918627562,0.05453844046044386,-0.06222876872583176
967,0.1217887327431291,0.0777649333578593,-0.04402379938526979
968,0.2433404557862799,0.1212215643837108,-0.12211889140256911
969,0.10713037604907895,0.06771395998882225,-0.0394164160602567
970,0.19927786663276256,0.051021378406536075,-0.1482564882262265
971,0.11068031120318879,0.09085029044983531,-0.01983002075335348
972,0.14890715330122975,0.09896724304545058,-0.049939910255779166
973,0.10366041946286104,0.07418186388751632,-0.02947855557534472
974,0.1445254507809687,0.06725434069328498,-0.07727111008768373
975,0.1409184731963203,0.07648642298419478,-0.06443205021212553
976,0.1515217246978268,0.08337811662226591,-0.06814360807556089
977,0.13652721120021757,0.0923965644212461,-0.04413064677897148
978,0.12233625610402166,0.09851811096926698,-0.02381814513475468
979,0.1523304624793963,0.10405769245672121,-0.04827277002267509
980,0.11879601221656476,0.03971820656721077,-0.07907780564935399
981,0.14500317662675813,0.0898657453466838,-0.055137431280074325
982,0.07498136645883272,0.031389299815537765,-0.04359206664329495
983,0.17144132799745157,0.06252548052948277,-0.1089158474679688
984,0.1272914724687394,0.08764561168644773,-0.03964586078229167
985,0.16281247134393267,0.08820468400538205,-0.07460778733855063
986,0.1058605134292046,0.08110130067422287,-0.024759212754981733
987,0.0671340784215556,0.025333647557111285,-0.04180043086444431
988,0.10406660167355443,0.09816284624830178,-0.005903755425252649
989,0.11044960202031466,0.07184187162920726,-0.0386077303911074
990,0.054754983539612376,0.04926841408686898,-0.005486569452743395
991,0.13309984666350522,0.07798147742670716,-0.055118369236798054
992,0.07675492464112241,0.06483106652560694,-0.011923858115515468
993,0.13988476592305582,0.0652748434593356,-0.07460992246372022
994,0.07591323220484165,0.0799826518696496,0.0040694196648079495
995,0.06900872629312563,0.050368077727337125,-0.018640648565788502
996,0.05641134466112522,0.0721001605170909,0.015688815855965675
997,0.2050126694382646,0.11786795325022917,-0.08714471618803543
998,0.09304254268188546,0.04298122851963602,-0.05006131416224944
999,0.16702266330170526,0.08452409085329124,-0.08249857244841402
