risk_decile,n,mean_predicted_risk,observed_stress_rate,model
1,143,0.25161822275782764,0.0,m1
2,142,0.2694086693629209,0.0,m1
3,142,0.2830047829208893,0.007042253521126761,m1
4,143,0.29494456240900147,0.027972027972027972,m1
5,142,0.30762454099152625,0.02112676056338028,m1
6,142,0.3261584630975599,0.0,m1
7,143,0.3533720365378111,0.0,m1
8,142,0.3974121000893025,0.06338028169014084,m1
9,142,0.4821398738003231,0.14084507042253522,m1
10,143,0.6170982313634528,0.13986013986013987,m1
1,143,0.1166267423984028,0.0,m2
2,142,0.1682087759909425,0.0,m2
3,142,0.19557307947357955,0.007042253521126761,m2
4,143,0.22194896493664834,0.04895104895104895,m2
5,142,0.2500642474358577,0.04929577464788732,m2
6,142,0.2780132977623331,0.04225352112676056,m2
7,143,0.3171634578029759,0.055944055944055944,m2
8,142,0.3630589791578853,0.04929577464788732,m2
9,142,0.43296122732395415,0.07042253521126761,m2
10,143,0.6101336283348857,0.07692307692307693,m2
1,143,0.12230006268576772,0.0,m3
2,142,0.14075497178542673,0.0,m3
3,142,0.15851761979982765,0.0,m3
4,143,0.19420210312739408,0.013986013986013986,m3
5,142,0.2768964933292946,0.007042253521126761,m3
6,142,0.3356269512246726,0.035211267605633804,m3
7,143,0.3882896749217875,0.06293706293706294,m3
8,142,0.4293737564059878,0.056338028169014086,m3
9,142,0.508858962033695,0.07746478873239436,m3
10,143,0.6400199117858996,0.14685314685314685,m3
