model,feature,median,q25,q75,sign_consistency,final_refit_coefficient,final_refit_odds_ratio_1sd
m1,hyg_negative_share_10d,-0.11083670647123381,-0.13807657598684414,-0.08246738603541087,1.0,-0.0819245707453404,0.9213414521744197
m1,hyg_return_5d,-0.17263987503714118,-0.20252569754051108,-0.16293639690618514,1.0,-0.1542353268820097,0.8570703055951795
m1,hyg_volatility_20d,1.021856949161772,1.0128309749404423,1.0383892163194572,1.0,1.0561218239964996,2.8751988123969934
m2,cross_asset_dispersion_5d,-0.13464295165933599,-0.14794459949260974,-0.11322945470841492,1.0,-0.1017361555048595,0.9032678424795108
m2,equity_adjusted_hyg_5d,-0.06732358459738255,-0.09857181819031362,-2.625460807474992e-05,0.75,-0.0647847801629564,0.937269160588012
m2,hy_ig_gap_20d,0.23705028837969666,0.22622445437471325,0.3309514162317213,1.0,0.2224109999780073,1.249084646142527
m2,hy_ig_gap_5d,0.012468631673171651,-0.00161557543800955,0.01647990378131515,0.6764705882352942,-0.0030492694088749,0.9969553748913156
m2,hy_treasury_gap_10d,-0.2716898943759518,-0.4954312521132296,-0.24941236931144514,1.0,-0.1814255570716888,0.8340803343749423
m2,hyg_ief_correlation_20d,-0.17409718539194685,-0.2847416205650547,-0.046166052107165,0.8529411764705882,-0.2355095235546246,0.7901681377635531
m2,hyg_negative_share_10d,-0.2454409656832801,-0.2625544604710532,-0.2323645571183592,1.0,-0.1418913738454745,0.8677155079655859
m2,hyg_return_5d,0.135505323940221,0.12809197946824288,0.1603417079450541,1.0,0.1266837845760447,1.135058038168279
m2,hyg_spy_correlation_20d,-0.16162317428926348,-0.30273279367334655,-0.15653564503962453,1.0,-0.1795522547466641,0.8356442834219184
m2,hyg_volatility_20d,0.8794055066404379,0.8506968553410916,0.8987516910817023,1.0,0.9128874180255616,2.491506177149323
m2,vix_change_5d,0.1983434544764442,0.1898682669285235,0.21722531314886284,1.0,0.188723319384039,1.2077067572028728
m2,vix_zscore_252d,0.46953012069133704,0.4565056564368649,0.5307074018397056,1.0,0.4363547173798158,1.5470574656027036
