,count,mean,std,min,1%,5%,25%,50%,75%,95%,99%,max
hyg_return_5d,4887.0,0.0009442909127797403,0.015058120465794154,-0.18929184423810147,-0.044379385660850666,-0.01865199112696946,-0.003763455872868776,0.0016000294273567177,0.006246244372076595,0.02012847619277014,0.03884048007255155,0.13260475121251092
hyg_volatility_20d,4872.0,0.07813192830574849,0.07506296539887437,0.014491578858483796,0.017768657188940523,0.02414802469752393,0.037790170970487834,0.05599921509880625,0.09108016257626629,0.1977648470187824,0.39871745945353104,0.7572792462422343
hyg_negative_share_10d,4882.0,0.4523965587873822,0.16107414504266884,0.0,0.1,0.2,0.3,0.4,0.6,0.7,0.8,0.9
hy_ig_gap_5d,4887.0,0.00018003694662201752,0.013116916413390422,-0.12304617053322761,-0.039920158054586936,-0.01862957993231074,-0.005304672435242614,0.0008068603109466928,0.006155036460754803,0.01819023508180505,0.033022783358038085,0.08979371303474418
hy_ig_gap_20d,4872.0,0.0007179288264575142,0.023511815416361933,-0.2454207912965902,-0.07373455389604815,-0.03555815632680626,-0.008952337549285377,0.00267432100382659,0.012948745425732766,0.03056831489668132,0.05311195572574348,0.13723381369125037
hy_treasury_gap_10d,4882.0,0.0006814194412240273,0.024916035029493945,-0.2161577227487087,-0.079087145884442,-0.03581194141384249,-0.00812992345389238,0.0025503766213663677,0.011349878354021948,0.03370038009424506,0.06349481475430738,0.1485402273227377
equity_adjusted_hyg_5d,4827.0,-9.44685202820457e-05,0.011071149313456421,-0.11810660909826955,-0.030442988825808457,-0.014396323736450058,-0.004018591655366329,-5.4402946841613196e-05,0.0040483078094514235,0.013413629624816627,0.029214057079867746,0.16477430186959635
hyg_spy_correlation_20d,4872.0,0.6917918363078869,0.19073350307623618,-0.5863866569239095,0.007182806761036002,0.331367505146736,0.6127694205242088,0.7313068547090522,0.8251842397732494,0.9120982155285015,0.9481461959932118,0.9695920051962021
hyg_ief_correlation_20d,4872.0,-0.012211864597648775,0.4784027305423287,-0.8583564721510664,-0.7642143719717351,-0.6667722403548605,-0.4373724270289188,-0.09479429910562373,0.4229136542274734,0.7847743305675274,0.8884763719012827,0.9576355917897321
cross_asset_dispersion_5d,4827.0,0.7229689001636913,0.5536190666730146,0.03732881302258546,0.10451474198561371,0.1712763934724824,0.3682315174705789,0.5930822951017937,0.9173299326499118,1.6740108941068645,2.7383605512655276,8.351726941775022
vix_zscore_252d,4640.0,-0.0649983853978011,1.3236989598010471,-2.0755831472164865,-1.740749369964023,-1.4221328649065366,-0.914400380008083,-0.3867740723869054,0.399760506213437,2.2967175305666987,4.957695361907313,17.893672585289856
vix_change_5d,4887.0,0.00027928450716599294,0.15171511579781655,-0.6286539175066072,-0.3503839494419103,-0.2227373028119744,-0.08616988014395122,-0.009650255832161704,0.07627709882947256,0.2496599389326423,0.4438434628259057,1.1407237740182368
