feature,split,mean,std,standardized_mean_drift_vs_training,std_ratio_vs_training
hyg_return_5d,training,0.0011431172788154143,0.018123627202640713,0.0,1.0
hyg_return_5d,validation,0.0010251706558411188,0.014951518205951623,-0.00650789279957767,0.8249738332607671
hyg_return_5d,test,0.0007470121625094391,0.009465604913297537,-0.02185573074733409,0.5222798288368206
hyg_volatility_20d,training,0.09617199470451429,0.09196824749850047,0.0,1.0
hyg_volatility_20d,validation,0.06196169548328094,0.0724155457508005,-0.37197946195279136,0.7873972563409043
hyg_volatility_20d,test,0.06159966170238875,0.038055780547063114,-0.3759159703754194,0.4137926032317144
hyg_negative_share_10d,training,0.45025125628140705,0.17060390652993057,0.0,1.0
hyg_negative_share_10d,validation,0.42617853560682045,0.15536781421434498,-0.14110298623415934,0.9106931803292992
hyg_negative_share_10d,test,0.47331460674157305,0.1453056519316173,0.13518653194567845,0.8517135093042258
hy_ig_gap_5d,training,9.989389624517566e-05,0.01656789441686297,0.0,1.0
hy_ig_gap_5d,validation,-0.0004303525351207704,0.010421199915232956,-0.03200445500342251,0.6289996575923464
hy_ig_gap_5d,test,0.0009313407186017791,0.007645057934167754,0.05018421782736305,0.4614381128833448
hy_ig_gap_20d,training,0.0003060964603363764,0.029852514881749094,0.0,1.0
hy_ig_gap_20d,validation,-0.0018155465194169883,0.016340585671952953,-0.07107082897898401,0.5473771887119326
hy_ig_gap_20d,test,0.0037116397482233093,0.014167081230088622,0.11407894113366567,0.47456910368211347
hy_treasury_gap_10d,training,0.0006467559371305172,0.031108837330352853,0.0,1.0
hy_treasury_gap_10d,validation,-7.370994531179077e-05,0.022981115778283233,-0.023159524568259912,0.738732712323536
hy_treasury_gap_10d,test,0.002236572585890865,0.012510294337295108,0.05110498447362948,0.4021459948645792
equity_adjusted_hyg_5d,training,-0.0001713613602484466,0.013730065864288224,0.0,1.0
equity_adjusted_hyg_5d,validation,-0.0002003661266138435,0.009574548074774177,-0.0021125001622051966,0.6973417439808128
equity_adjusted_hyg_5d,test,-5.139039986495661e-05,0.006322990495239772,0.008737828468509635,0.46052149769257933
hyg_spy_correlation_20d,training,0.6736009410634538,0.19045166540382474,0.0,1.0
hyg_spy_correlation_20d,validation,0.7511505921075194,0.1391893582564266,0.4071880961483482,0.7308382311138946
hyg_spy_correlation_20d,test,0.7435081881367257,0.1196628659204795,0.36706030858298805,0.6283109452823739
hyg_ief_correlation_20d,training,-0.22499623007523722,0.38102675997124563,0.0,1.0
hyg_ief_correlation_20d,validation,-0.19979863394733646,0.35652979855027256,0.06613077813695371,0.9357080289509804
hyg_ief_correlation_20d,test,0.4502601706945794,0.3599039105133165,1.7722020385675148,0.9445633438986721
cross_asset_dispersion_5d,training,0.7897620709158629,0.5667598261815707,0.0,1.0
cross_asset_dispersion_5d,validation,0.8076278631307434,0.6710110986311273,0.031522686311850366,1.183942593729567
cross_asset_dispersion_5d,test,0.5492371227206697,0.3772825701422702,-0.424386022233935,0.665683333069203
vix_zscore_252d,training,-0.08823190301765403,1.2941332409823338,0.0,1.0
vix_zscore_252d,validation,0.14659424075874278,1.530228356532192,0.18145437914734966,1.1824349364294562
vix_zscore_252d,test,-0.16462699472139714,1.200910118169734,-0.05903185953693154,0.92796481856703
vix_change_5d,training,-0.00133772597860255,0.1458109268367883,0.0,1.0
vix_change_5d,validation,0.0030069265789722795,0.17038795508606486,0.02979648131883808,1.1685540911264252
vix_change_5d,test,-0.0013954735903491603,0.1508604936233063,-0.00039604447347933947,1.034630921674136
