model,C,mean_pr_auc,fold_1_pr_auc,fold_2_pr_auc,fold_3_pr_auc,fold_4_pr_auc,max_depth,min_samples_leaf
m1,0.1,0.18669395756885204,0.41824741424468276,0.0550122329761505,0.05464775339352579,0.21886842966104914,,
m1,1.0,0.18663678474641865,0.4185275206961462,0.054666485152807344,0.05430344042702868,0.21904969270969238,,
m1,10.0,0.1866611158661664,0.4184080998979561,0.05485002523550709,0.054356707887047495,0.21902963044415502,,
m2,0.1,0.11317389128524122,0.262674374654045,0.046631179972161985,0.021565042944066012,0.1218249675706919,,
m2,1.0,0.11319464524883802,0.2639193251286001,0.0504480102782907,0.021811733135800756,0.1165995124526605,,
m2,10.0,0.11294982999176009,0.2630714123695604,0.05031106091363331,0.021823631098869478,0.11659321558497723,,
m3,,0.11415251806218155,0.2256786758466739,0.05834241153681262,0.028575160459491846,0.14401382440574784,3.0,20.0
m3,,0.1217956702011837,0.2498668342406814,0.06485935945379336,0.02888045575708539,0.1435760313531747,3.0,50.0
m3,,0.1333563556104852,0.30641061326110874,0.06430823216137566,0.02777892888838364,0.13492764813107275,3.0,100.0
m3,,0.10825482180258347,0.20907845563993852,0.05706355370251007,0.027216928484089985,0.13966034938379535,5.0,20.0
m3,,0.12175169542487153,0.2529225500243756,0.0654458116966158,0.02767778435200384,0.14096063562649092,5.0,50.0
m3,,0.1300673192951018,0.30059154747772104,0.06505915938370438,0.028472218281456074,0.12614635203752564,5.0,100.0
m3,,0.097227253243475,0.1765530633680914,0.06353376727102546,0.027161687996789204,0.12166049433799395,8.0,20.0
m3,,0.12073727897005035,0.25043548862791193,0.07183027267613734,0.028012216772791088,0.13267113780336104,8.0,50.0
m3,,0.1301298488396276,0.30059154747772104,0.06505725015274172,0.02869827313485642,0.12617232459319128,8.0,100.0
