calendar_year,split,eligible_observations,positive_stress_label_observations,stress_label_rate
2008,training,185,52,0.2810810810810811
2009,training,252,50,0.1984126984126984
2010,training,252,30,0.11904761904761904
2011,training,252,39,0.15476190476190477
2012,training,250,7,0.028
2013,training,252,7,0.027777777777777776
2014,training,252,8,0.031746031746031744
2015,training,252,15,0.05952380952380952
2016,training,242,11,0.045454545454545456
2017,validation,251,0,0.0
2018,validation,251,6,0.02390438247011952
2019,validation,252,0,0.0
2020,validation,243,35,0.1440329218106996
2021,test,252,0,0.0
2022,test,251,45,0.17928286852589642
2023,test,250,4,0.016
2024,test,252,0,0.0
2025,test,250,8,0.032
2026,test,169,0,0.0
