split,episode_start,episode_end,positive_label_days,worst_future_trough_return,associated_trough_date
training,2008-06-13,2008-06-13,1,-0.0348717389319934,2008-06-27
training,2008-08-29,2008-09-16,12,-0.1203112079725319,2008-09-17
training,2008-09-18,2008-10-09,16,-0.2028038749172428,2008-10-10
training,2008-10-13,2008-10-24,10,-0.139611149286124,2008-10-27
training,2008-11-03,2008-11-19,13,-0.1298384636706387,2008-11-20
training,2009-01-05,2009-01-14,8,-0.0678959285933002,2009-01-23
training,2009-01-16,2009-01-16,1,-0.0352678920741278,2009-01-23
training,2009-01-28,2009-01-28,1,-0.0482799742878106,2009-02-05
training,2009-02-06,2009-03-04,18,-0.1235448520675001,2009-03-05
training,2009-03-23,2009-03-27,5,-0.056537142319729,2009-03-30
training,2009-04-17,2009-04-17,1,-0.0365447659735741,2009-04-20
training,2009-05-06,2009-05-06,1,-0.0373082931581865,2009-05-15
training,2009-05-08,2009-05-12,3,-0.0384371523664818,2009-05-15
training,2009-06-12,2009-06-12,1,-0.0328570516129007,2009-06-22
training,2009-06-29,2009-07-01,3,-0.0455919029661838,2009-07-07
training,2009-08-03,2009-08-12,8,-0.0480329715574131,2009-08-17
training,2010-01-07,2010-01-11,3,-0.0324491833114548,2010-01-22
training,2010-01-14,2010-01-20,4,-0.0358908419945447,2010-01-29
training,2010-01-27,2010-01-27,1,-0.0319638655606505,2010-02-10
training,2010-02-02,2010-02-03,2,-0.0354171936012824,2010-02-10
training,2010-04-22,2010-05-04,9,-0.050025865695909,2010-05-07
training,2010-05-10,2010-05-18,7,-0.0502242398734091,2010-05-20
training,2010-11-04,2010-11-09,4,-0.0351507094032627,2010-11-16
training,2011-06-02,2011-06-06,3,-0.0368255959788437,2011-06-16
training,2011-07-21,2011-08-05,12,-0.0860133130973688,2011-08-08
training,2011-09-16,2011-09-29,10,-0.0612217809187605,2011-10-04
training,2011-10-27,2011-10-28,2,-0.0340250328435269,2011-11-09
training,2011-11-03,2011-11-18,12,-0.0600866647076235,2011-11-23
training,2012-05-03,2012-05-11,7,-0.0380018558653758,2012-05-17
training,2013-05-21,2013-05-22,2,-0.0387042044300426,2013-06-05
training,2013-06-10,2013-06-10,1,-0.0337489493410863,2013-06-24
training,2013-06-13,2013-06-18,4,-0.0428891689687425,2013-06-24
training,2014-11-26,2014-11-28,2,-0.0381757070552026,2014-12-12
training,2014-12-02,2014-12-09,6,-0.0392525322800871,2014-12-16
training,2015-09-14,2015-09-21,6,-0.0413433592710629,2015-09-28
training,2015-11-27,2015-12-07,7,-0.0529788175790708,2015-12-14
training,2015-12-09,2015-12-09,1,-0.0325231512917635,2015-12-14
training,2015-12-31,2016-01-07,5,-0.0390029931446842,2016-01-20
training,2016-01-28,2016-02-01,3,-0.0419400589693592,2016-02-11
training,2016-02-03,2016-02-04,2,-0.0339934333017486,2016-02-11
training,2016-06-23,2016-06-23,1,-0.0305997201374345,2016-06-27
training,2016-11-07,2016-11-07,1,-0.0313335715517143,2016-11-11
validation,2018-12-10,2018-12-17,6,-0.0419275590159069,2018-12-24
validation,2020-02-12,2020-02-14,3,-0.0307655118368608,2020-02-27
validation,2020-02-20,2020-03-19,21,-0.1798945691051939,2020-03-20
validation,2020-03-26,2020-03-31,4,-0.0485351743479496,2020-04-03
validation,2020-04-09,2020-04-14,3,-0.0490530467623602,2020-04-24
validation,2020-04-17,2020-04-17,1,-0.034159478962631,2020-04-24
validation,2020-06-05,2020-06-08,2,-0.0346494722566531,2020-06-11
validation,2020-06-16,2020-06-16,1,-0.0323036019392135,2020-06-29
test,2022-02-28,2022-03-04,5,-0.0407008284442298,2022-03-14
test,2022-03-29,2022-03-30,2,-0.0341047058974003,2022-04-11
test,2022-04-04,2022-04-04,1,-0.034879041962513,2022-04-11
test,2022-04-25,2022-04-25,1,-0.0357898894242532,2022-05-09
test,2022-04-28,2022-04-28,1,-0.0313275942275367,2022-05-12
test,2022-05-04,2022-05-04,1,-0.0433032506220565,2022-05-18
test,2022-05-26,2022-06-10,11,-0.0848815809123084,2022-06-13
test,2022-08-10,2022-08-10,1,-0.033167970124372,2022-08-22
test,2022-08-12,2022-08-19,6,-0.0444980091312517,2022-08-30
test,2022-08-25,2022-08-25,1,-0.0337860516576549,2022-09-06
test,2022-09-08,2022-09-21,10,-0.0625980351413062,2022-09-26
test,2022-10-04,2022-10-04,1,-0.0310118183516102,2022-10-10
test,2022-10-28,2022-10-28,1,-0.03118186897227,2022-11-09
test,2022-12-13,2022-12-15,3,-0.0407036131867073,2022-12-28
test,2023-02-02,2023-02-02,1,-0.0379533404282457,2023-02-16
test,2023-02-06,2023-02-08,3,-0.0362349058391961,2023-02-21
test,2025-03-24,2025-04-02,8,-0.0414485576047196,2025-04-08
