feature,hyg_return_5d,hyg_volatility_20d,hyg_negative_share_10d,hy_ig_gap_5d,hy_ig_gap_20d,hy_treasury_gap_10d,equity_adjusted_hyg_5d,hyg_spy_correlation_20d,hyg_ief_correlation_20d,cross_asset_dispersion_5d,vix_zscore_252d,vix_change_5d
hyg_return_5d,1.0,-0.08743367323313807,-0.4351838620592052,0.7947456394613959,0.368623280785403,0.6529649939003852,0.7343485931438323,0.004226764974693027,0.007933136818124766,-0.2530594993808794,-0.33828691274156425,-0.5283647693954842
hyg_volatility_20d,-0.08743367323313807,1.0,0.1289577304192533,-0.09317568408695565,-0.26293941225592404,-0.15856514964769225,0.0369185850421271,0.079331994553158,-0.18316641503235082,0.12623936946524114,0.5475272223026858,0.013212985233025524
hyg_negative_share_10d,-0.4351838620592052,0.1289577304192533,1.0,-0.3283522716453725,-0.3518439331692422,-0.5901990215804348,-0.29401737906302605,0.05185123721429295,0.019660720553336317,0.18454871872203762,0.34743869747336675,0.23942548910538478
hy_ig_gap_5d,0.7947456394613959,-0.09317568408695565,-0.3283522716453725,1.0,0.4722595845913184,0.5764857501017843,0.46283550474823976,-0.021444357375127093,0.043901418557914226,-0.09142932924962674,-0.3152563463728625,-0.5154901642093629
hy_ig_gap_20d,0.368623280785403,-0.26293941225592404,-0.3518439331692422,0.4722595845913184,1.0,0.6301007723637307,0.17229664190663257,-0.16737258682206788,0.1641997767389802,-0.16101888217460472,-0.45966108298832836,-0.17493860103301703
hy_treasury_gap_10d,0.6529649939003852,-0.15856514964769225,-0.5901990215804348,0.5764857501017843,0.6301007723637307,1.0,0.4294477939048872,-0.0907708672369834,0.10376283144087965,-0.26154039694914405,-0.44702934048094983,-0.31615269221728226
equity_adjusted_hyg_5d,0.7343485931438323,0.0369185850421271,-0.29401737906302605,0.46283550474823976,0.17229664190663257,0.4294477939048872,1.0,-0.033891621727821945,0.008744093730374092,-0.15308075294472007,-0.029341208412457707,-0.13493588581787158
hyg_spy_correlation_20d,0.004226764974693027,0.079331994553158,0.05185123721429295,-0.021444357375127093,-0.16737258682206788,-0.0907708672369834,-0.033891621727821945,1.0,-0.48213500288468286,0.11382036142515795,0.17165535459753742,-0.05223256985290383
hyg_ief_correlation_20d,0.007933136818124766,-0.18316641503235082,0.019660720553336317,0.043901418557914226,0.1641997767389802,0.10376283144087965,0.008744093730374092,-0.48213500288468286,1.0,-0.20922692464285453,-0.19532897206955033,0.03300920820956899
cross_asset_dispersion_5d,-0.2530594993808794,0.12623936946524114,0.18454871872203762,-0.09142932924962674,-0.16101888217460472,-0.26154039694914405,-0.15308075294472007,0.11382036142515795,-0.20922692464285453,1.0,0.38879982149281395,0.24203529131373688
vix_zscore_252d,-0.33828691274156425,0.5475272223026858,0.34743869747336675,-0.3152563463728625,-0.45966108298832836,-0.44702934048094983,-0.029341208412457707,0.17165535459753742,-0.19532897206955033,0.38879982149281395,1.0,0.4007161209125221
vix_change_5d,-0.5283647693954842,0.013212985233025524,0.23942548910538478,-0.5154901642093629,-0.17493860103301703,-0.31615269221728226,-0.13493588581787158,-0.05223256985290383,0.03300920820956899,0.24203529131373688,0.4007161209125221,1.0
